{"cameraMode":{"drawMode":0,"name":"Shaded","section":"Shading Mode"},"sceneLighting":false,"audioPlay":false,"sceneViewState":{"showFog":true,"showMaterialUpdate":false,"showSkybox":false,"showFlares":true,"showImageEffects":true,"showParticleSystems":true,"showVisualEffectGraphs":true,"m_FxEnabled":true},"in2DMode":false,"pivot":{"x":-4.350647449493408,"y":5.43241548538208,"z":-3.9132094383239748},"rotation":{"x":0.0034196204505860807,"y":-0.9965412616729736,"z":0.052677255123853686,"w":0.06497860699892044},"size":9.827794075012207,"orthographic":false}